filename,Id,v25_label,candidate_label
submission_v27_stream3_5_payload.csv,7,0,1
submission_v27_stream3_5_payload.csv,1342,0,1
submission_v27_stream3_5_payload.csv,1655,0,1
submission_v27_stream3_5_payload.csv,1958,0,1
submission_v27_stream3_5_payload.csv,3255,0,1
submission_v27_stream3_5_payload.csv,4799,0,1
submission_v27_stream3_5_payload.csv,7998,0,1
submission_v27_stream3_5_payload.csv,8258,0,1
submission_v27_stream3_5_payload.csv,8480,0,1
submission_v27_stream3_5_payload.csv,9453,0,1
submission_v28_publish_payload_cluster.csv,641,0,1
submission_v28_publish_payload_cluster.csv,790,0,1
submission_v28_publish_payload_cluster.csv,975,0,1
submission_v28_publish_payload_cluster.csv,997,0,1
submission_v28_publish_payload_cluster.csv,1269,0,1
submission_v28_publish_payload_cluster.csv,1893,0,1
submission_v28_publish_payload_cluster.csv,2135,0,1
submission_v28_publish_payload_cluster.csv,2372,0,1
submission_v28_publish_payload_cluster.csv,2483,0,1
submission_v28_publish_payload_cluster.csv,2787,0,1
submission_v28_publish_payload_cluster.csv,3740,0,1
submission_v28_publish_payload_cluster.csv,4891,0,1
submission_v28_publish_payload_cluster.csv,5069,0,1
submission_v28_publish_payload_cluster.csv,5370,0,1
submission_v28_publish_payload_cluster.csv,5944,0,1
submission_v28_publish_payload_cluster.csv,6765,0,1
submission_v28_publish_payload_cluster.csv,7641,0,1
submission_v28_publish_payload_cluster.csv,8364,0,1
submission_v28_publish_payload_cluster.csv,8671,0,1
submission_v28_publish_payload_cluster.csv,8739,0,1
submission_v28_publish_payload_cluster.csv,8831,0,1
submission_v28_publish_payload_cluster.csv,9148,0,1
submission_v28_publish_payload_cluster.csv,9260,0,1
submission_v28_publish_payload_cluster.csv,9439,0,1
submission_v28_publish_payload_cluster.csv,9504,0,1
submission_v28_publish_payload_cluster.csv,9677,0,1
submission_v28_publish_payload_cluster.csv,9977,0,1
submission_v29_all_high_fraction_payload.csv,7,0,1
submission_v29_all_high_fraction_payload.csv,641,0,1
submission_v29_all_high_fraction_payload.csv,790,0,1
submission_v29_all_high_fraction_payload.csv,975,0,1
submission_v29_all_high_fraction_payload.csv,997,0,1
submission_v29_all_high_fraction_payload.csv,1269,0,1
submission_v29_all_high_fraction_payload.csv,1342,0,1
submission_v29_all_high_fraction_payload.csv,1655,0,1
submission_v29_all_high_fraction_payload.csv,1893,0,1
submission_v29_all_high_fraction_payload.csv,1958,0,1
submission_v29_all_high_fraction_payload.csv,2135,0,1
submission_v29_all_high_fraction_payload.csv,2372,0,1
submission_v29_all_high_fraction_payload.csv,2483,0,1
submission_v29_all_high_fraction_payload.csv,2787,0,1
submission_v29_all_high_fraction_payload.csv,3255,0,1
submission_v29_all_high_fraction_payload.csv,3740,0,1
submission_v29_all_high_fraction_payload.csv,4799,0,1
submission_v29_all_high_fraction_payload.csv,4891,0,1
submission_v29_all_high_fraction_payload.csv,5069,0,1
submission_v29_all_high_fraction_payload.csv,5370,0,1
submission_v29_all_high_fraction_payload.csv,5944,0,1
submission_v29_all_high_fraction_payload.csv,6765,0,1
submission_v29_all_high_fraction_payload.csv,7641,0,1
submission_v29_all_high_fraction_payload.csv,7998,0,1
submission_v29_all_high_fraction_payload.csv,8258,0,1
submission_v29_all_high_fraction_payload.csv,8364,0,1
submission_v29_all_high_fraction_payload.csv,8480,0,1
submission_v29_all_high_fraction_payload.csv,8671,0,1
submission_v29_all_high_fraction_payload.csv,8739,0,1
submission_v29_all_high_fraction_payload.csv,8831,0,1
submission_v29_all_high_fraction_payload.csv,9148,0,1
submission_v29_all_high_fraction_payload.csv,9260,0,1
submission_v29_all_high_fraction_payload.csv,9439,0,1
submission_v29_all_high_fraction_payload.csv,9453,0,1
submission_v29_all_high_fraction_payload.csv,9504,0,1
submission_v29_all_high_fraction_payload.csv,9677,0,1
submission_v29_all_high_fraction_payload.csv,9977,0,1
