filename,Id,v23_label,candidate_label
submission_v24_stream2_mqtt_payload.csv,778,0,1
submission_v24_stream2_mqtt_payload.csv,2704,0,1
submission_v24_stream2_mqtt_payload.csv,5804,0,1
submission_v24_stream2_mqtt_payload.csv,6155,0,1
submission_v24_stream2_mqtt_payload.csv,6546,0,1
submission_v24_stream2_mqtt_payload.csv,6572,0,1
submission_v24_stream2_mqtt_payload.csv,6803,0,1
submission_v24_stream2_mqtt_payload.csv,7784,0,1
submission_v24_stream2_mqtt_payload.csv,7935,0,1
submission_v25_stream2_plus_stream4_payload.csv,778,0,1
submission_v25_stream2_plus_stream4_payload.csv,2704,0,1
submission_v25_stream2_plus_stream4_payload.csv,4475,0,1
submission_v25_stream2_plus_stream4_payload.csv,5804,0,1
submission_v25_stream2_plus_stream4_payload.csv,6155,0,1
submission_v25_stream2_plus_stream4_payload.csv,6546,0,1
submission_v25_stream2_plus_stream4_payload.csv,6572,0,1
submission_v25_stream2_plus_stream4_payload.csv,6803,0,1
submission_v25_stream2_plus_stream4_payload.csv,7661,0,1
submission_v25_stream2_plus_stream4_payload.csv,7784,0,1
submission_v25_stream2_plus_stream4_payload.csv,7935,0,1
submission_v25_stream2_plus_stream4_payload.csv,8393,0,1
submission_v26_stream_payload_plus_connect.csv,778,0,1
submission_v26_stream_payload_plus_connect.csv,2704,0,1
submission_v26_stream_payload_plus_connect.csv,4475,0,1
submission_v26_stream_payload_plus_connect.csv,4550,0,1
submission_v26_stream_payload_plus_connect.csv,5804,0,1
submission_v26_stream_payload_plus_connect.csv,6155,0,1
submission_v26_stream_payload_plus_connect.csv,6546,0,1
submission_v26_stream_payload_plus_connect.csv,6572,0,1
submission_v26_stream_payload_plus_connect.csv,6803,0,1
submission_v26_stream_payload_plus_connect.csv,7661,0,1
submission_v26_stream_payload_plus_connect.csv,7784,0,1
submission_v26_stream_payload_plus_connect.csv,7935,0,1
submission_v26_stream_payload_plus_connect.csv,8393,0,1
