filename,Id,v27_label,candidate_label
submission_v30_stream_fraction_085.csv,790,0,1
submission_v30_stream_fraction_085.csv,975,0,1
submission_v30_stream_fraction_085.csv,997,0,1
submission_v30_stream_fraction_085.csv,1893,0,1
submission_v30_stream_fraction_085.csv,3740,0,1
submission_v30_stream_fraction_085.csv,4891,0,1
submission_v30_stream_fraction_085.csv,5944,0,1
submission_v30_stream_fraction_085.csv,6765,0,1
submission_v30_stream_fraction_085.csv,7641,0,1
submission_v30_stream_fraction_085.csv,8364,0,1
submission_v30_stream_fraction_085.csv,8671,0,1
submission_v30_stream_fraction_085.csv,9504,0,1
submission_v30_stream_fraction_085.csv,9977,0,1
submission_v31_stream_fraction_080.csv,790,0,1
submission_v31_stream_fraction_080.csv,975,0,1
submission_v31_stream_fraction_080.csv,997,0,1
submission_v31_stream_fraction_080.csv,1269,0,1
submission_v31_stream_fraction_080.csv,1893,0,1
submission_v31_stream_fraction_080.csv,2135,0,1
submission_v31_stream_fraction_080.csv,2372,0,1
submission_v31_stream_fraction_080.csv,2483,0,1
submission_v31_stream_fraction_080.csv,2787,0,1
submission_v31_stream_fraction_080.csv,3740,0,1
submission_v31_stream_fraction_080.csv,4891,0,1
submission_v31_stream_fraction_080.csv,5370,0,1
submission_v31_stream_fraction_080.csv,5944,0,1
submission_v31_stream_fraction_080.csv,6765,0,1
submission_v31_stream_fraction_080.csv,7641,0,1
submission_v31_stream_fraction_080.csv,8364,0,1
submission_v31_stream_fraction_080.csv,8671,0,1
submission_v31_stream_fraction_080.csv,8739,0,1
submission_v31_stream_fraction_080.csv,8831,0,1
submission_v31_stream_fraction_080.csv,9148,0,1
submission_v31_stream_fraction_080.csv,9504,0,1
submission_v31_stream_fraction_080.csv,9677,0,1
submission_v31_stream_fraction_080.csv,9977,0,1
